{
  "buildCommand": "next build",
  "devCommand": "next dev",
  "installCommand": "pnpm install --frozen-lockfile",
  "framework": "nextjs",
  "nodeVersion": "20.x",
  "env": {
    "VERCEL_ENV": {
      "description": "Environment type",
      "value": "production"
    }
  },
  "crons": [],
  "functions": {
    "api/**": {
      "maxDuration": 30,
      "memory": 1024
    }
  },
  "headers": [
    {
      "source": "/public/(.*)",
      "headers": [
        {
          "key": "Cache-Control",
          "value": "public, max-age=31536000, immutable"
        }
      ]
    },
    {
      "source": "/:path*",
      "headers": [
        {
          "key": "Referrer-Policy",
          "value": "strict-origin-when-cross-origin"
        },
        {
          "key": "Permissions-Policy",
          "value": "camera=(), microphone=(), geolocation=()"
        }
      ]
    }
  ]
}
